cost,strategy,cagr,vol,sharpe,sortino,max_dd,cvar5,ce_g5,turnover_yr,avg_stock
flat10,60/40,0.09390121706426702,0.09921494751746912,0.5711851430994075,0.8742305883321931,-0.32677126258223343,-0.05778012388102054,0.07257649528021703,0.11883637582513998,0.5999999999999999
flat10,100% stock,0.11473777720849898,0.14883979662944388,0.5502124479828744,0.8200688389395481,-0.5031170717166412,-0.09205957446808512,0.06418017009493338,0.012658227848101264,1.0
flat10,Unconditional MV,0.07051470304426677,0.07032651135319613,0.46218583339810343,0.686523330363722,-0.24308348071645103,-0.04225102197240545,0.05992327224504446,0.1543330607040871,0.3683544303797469
flat10,Vol-managed,0.06340836682455175,0.052417849687917344,0.4716263123778708,0.7102264224035787,-0.12984110987648234,-0.0320221032890502,0.05755145736082801,2.0838793065252554,0.3818757853224072
flat10,Trend 10m (cash),0.10358982585249521,0.11312158746866256,0.5930030986995951,0.8929812444292043,-0.24479284087043574,-0.07088077021276595,0.07417250710101397,1.4810126582278482,0.7521097046413502
flat10,Trend 10m (bonds),0.11609156598825199,0.12408509220812845,0.6426867268565366,0.9892259889599899,-0.24238833000000004,-0.07293388085106384,0.08080522635798149,1.4936708860759493,0.7521097046413502
flat10,TSMOM 12m,0.10797090107997054,0.11585395651941156,0.6162900705597525,0.9398076899453129,-0.24238832999999993,-0.0731265829787234,0.07703854344198335,0.8227848101265822,0.7489451476793249
flat10,Risk parity,0.0763670182904379,0.08187119598803796,0.474514387949278,0.7349525694460284,-0.2358894460808063,-0.04668156789935486,0.06222174592259666,0.136877642802383,0.35480440816234315
flat10,JM (equity/cash),0.08191929545265042,0.10144351723207327,0.4521340755678621,0.6715992979030844,-0.2985273547470001,-0.06585624255319152,0.05847190641926314,2.1645569620253164,0.6181434599156118
flat10,JM (60/40 or cash),0.06582368717413467,0.06847508190341736,0.4081038626616536,0.6240028879034164,-0.17244348496822037,-0.041651556832963677,0.055964851865055065,2.2132183812837116,0.37088607594936707
flat10,"HMM[rv,K=2,myopic]",0.09299064536055912,0.1163535457626543,0.4958185125231515,0.7444533259680697,-0.2989365901837754,-0.07170014062351518,0.06298356556080575,0.9883928449075607,0.6875527426160337
flat10,"HMM[rv,K=2,switch]",0.08812538437934991,0.11232671729406081,0.4697658375632933,0.6895229535442989,-0.2989365901837754,-0.07241702127659574,0.05951807806933673,0.6708860759493671,0.7352320675105485
flat10,"HMM[rv,K=3,myopic]",0.09812056956512283,0.1105813827397753,0.5583047257332266,0.8582703647537023,-0.3085574436531626,-0.06557268833581587,0.07143303438684145,1.2741466207044265,0.7278481012658228
flat10,"HMM[rv,K=3,switch]",0.07096683146431415,0.08241030732667125,0.41079044826776495,0.6348580202254575,-0.22724688065860488,-0.05520365957446807,0.056471540646265916,1.2151898734177216,0.47257383966244726
flat10,"HMM[rv,K=bic,myopic]",0.09903790371030907,0.11135464705221008,0.5626747779086605,0.8669776038550067,-0.31024731792677673,-0.06612178488084758,0.07200405224650597,1.342205284298866,0.7361814345991562
flat10,"HMM[rv,K=bic,switch]",0.059346953979414696,0.06311894918146634,0.34035541193190644,0.5211341648753705,-0.16771447731771838,-0.04504582340425532,0.05085622683506541,0.5316455696202531,0.25949367088607594
flat10,"HMM[rv,K=2,band]",0.08853660019087561,0.11650538269225517,0.4601339514198357,0.6803618454091012,-0.2989365901837755,-0.07255775639211293,0.05815255766405425,0.8428841206347135,0.6900843881856541
flat10,"HMM[rv_term,K=2,myopic]",0.08847279397346419,0.1029774036829643,0.5053998091572244,0.7653440984612078,-0.3400704636494797,-0.06363994391962265,0.06549524653427286,0.462885363188892,0.5214135021097046
flat10,"HMM[rv_term,K=2,switch]",0.06747899892258657,0.11054433751610537,0.30072290151639225,0.4346428386992379,-0.4696528820342336,-0.07722401063829788,0.041194989129071935,0.3924050632911393,0.5590717299578059
flat10,"HMM[rv_term,K=3,myopic]",0.08320062364159608,0.10100150092383196,0.4651561040810389,0.6929432055092439,-0.2353783282454528,-0.06434632327623317,0.060852743226947004,0.7089506682289237,0.485126582278481
flat10,"HMM[rv_term,K=3,switch]",0.06512838316223335,0.0883654295357999,0.32706171993856276,0.47492984153535217,-0.23149718902780625,-0.06467610000000001,0.047928706898616946,0.6582278481012659,0.4208860759493671
flat10,"HMM[rv_term,K=bic,myopic]",0.0850784194305847,0.10574756804945554,0.4653822286995691,0.7011313558772847,-0.23736477761339148,-0.06488318542620865,0.0606553907921219,0.90570554831846,0.5388185654008439
flat10,"HMM[rv_term,K=bic,switch]",0.05005748050050607,0.07371155877514068,0.18160824170215636,0.2554031775498281,-0.21449222788617994,-0.056246104255319146,0.038158674281129956,0.759493670886076,0.3027426160337553
flat10,"HMM[rv_term,K=2,band]",0.08972276975824522,0.10300772488150862,0.5164320781372314,0.7872628940207137,-0.3440353017771184,-0.063143433623319,0.06678523768938938,0.41631649380730007,0.5203586497890296
flat10,"HMM[rv_term_def,K=2,myopic]",0.08773900562325121,0.10676907263954656,0.4846630740926654,0.727307962936887,-0.3928329668178805,-0.065733810988245,0.0631310222830277,0.30125338397820783,0.5457805907172996
flat10,"HMM[rv_term_def,K=2,switch]",0.07333345662156399,0.11682395600342708,0.337784022838836,0.49344200006321176,-0.4763057606021037,-0.07982127659574467,0.043852889638061,0.26582278481012656,0.6023206751054853
flat10,"HMM[rv_term_def,K=3,myopic]",0.08588899616697354,0.1042247225754881,0.4780894596003349,0.7077798745265408,-0.3365425901821627,-0.06611997222482208,0.06184740511628872,0.5634580722759017,0.5758438818565399
flat10,"HMM[rv_term_def,K=3,switch]",0.06091333857327719,0.08964146902027621,0.27898631416133823,0.40997357851423794,-0.3047945468536375,-0.06556691276595744,0.04342193684133622,0.5063291139240507,0.4092827004219409
flat10,"HMM[rv_term_def,K=bic,myopic]",0.09656887331928843,0.10847094341535125,0.55466958767008,0.8295635831198154,-0.2506587621081674,-0.06904529261578218,0.06942002385578516,0.570329849702354,0.6218354430379747
flat10,"HMM[rv_term_def,K=bic,switch]",0.06953162970847848,0.07658888152509563,0.4184367481740105,0.6408328191252656,-0.23072791694475114,-0.05374163191489363,0.056690843309503025,0.32911392405063294,0.33860759493670883
flat10,"HMM[rv_term_def,K=2,band]",0.08725385067699754,0.10684910617332549,0.48018506058342086,0.7202171367455078,-0.3928329668178806,-0.06574967282356516,0.06261875675409612,0.29220404118942234,0.5443037974683544
flat10,"HMM[macro4,K=2,myopic]",0.09009947350117087,0.11059496356598623,0.491329359198553,0.73258845058078,-0.4383645247971023,-0.06815322885232396,0.0635482313342095,0.2898849035283645,0.5712025316455697
flat10,"HMM[macro4,K=2,switch]",0.07453820480348772,0.11643752971322578,0.3482186898888446,0.506251292548449,-0.47630576060210417,-0.07984016595744681,0.04512156915136112,0.26582278481012656,0.6181434599156118
flat10,"HMM[macro4,K=3,myopic]",0.0954609228333192,0.10862541885543799,0.5439588452855666,0.8306490578717847,-0.39518934348877655,-0.06556502890394898,0.06970318552300192,0.5291020943875241,0.6315400843881855
flat10,"HMM[macro4,K=3,switch]",0.07718923859260318,0.08044465991961273,0.4908249109068363,0.8075843517796414,-0.23072791694475125,-0.053111463829787216,0.06354153783345318,0.5569620253164558,0.39345991561181437
flat10,"HMM[macro4,K=bic,myopic]",0.09518407640226889,0.10228536859640171,0.5690202194316112,0.8735635917215385,-0.2586246228674606,-0.061494986565901424,0.07169737278328014,0.5543454251149942,0.5970464135021097
flat10,"HMM[macro4,K=bic,switch]",0.06664008960594003,0.0711117768572818,0.40641292971237053,0.6614279538879771,-0.23072791694475114,-0.047562227659574484,0.05602640557013139,0.5569620253164558,0.32383966244725737
flat10,"HMM[macro4,K=2,band]",0.0899064158815992,0.11053135241529273,0.4899325478628178,0.7303158376761519,-0.43836452479710253,-0.06815913967546126,0.06338931996723818,0.26802585439730114,0.5700421940928269
flat10,"HMM[returns,K=2,myopic]",0.07454819741179475,0.08050539595220176,0.4602722805339699,0.700775040552145,-0.19992616580190714,-0.05217265561754061,0.06041239561145706,1.7745183070050943,0.4079113924050633
flat10,"HMM[returns,K=2,switch]",0.08053588832189562,0.09001751402122078,0.48251424607385907,0.7490098516481406,-0.26707829780925596,-0.061492317021276596,0.06290800741549973,1.4050632911392404,0.49050632911392406
flat10,"HMM[returns,K=3,myopic]",0.07565383107296109,0.08683388952836554,0.4446232017777062,0.6612354344154919,-0.2357575026180313,-0.05590094696965843,0.059298194757547495,1.5797860348681487,0.5036919831223629
flat10,"HMM[returns,K=3,switch]",0.05878785471776915,0.0740413352014943,0.2934029589866792,0.4318306618200193,-0.26707829780925596,-0.05645934042553192,0.04676080891388179,0.7848101265822786,0.27109704641350213
flat10,"HMM[returns,K=bic,myopic]",0.07767221903299526,0.09085410543297974,0.4496904489710204,0.6747874206880449,-0.27729213138265685,-0.05925426048851657,0.059794052700739675,1.6144771599950736,0.5289029535864979
flat10,"HMM[returns,K=bic,switch]",0.05976789546879768,0.06704789394004673,0.3303228006098101,0.5048570009503389,-0.26707829780925596,-0.04932898723404256,0.050120194179211985,0.7088607594936709,0.2552742616033755
flat10,"HMM[returns,K=2,band]",0.07315374504056438,0.07940700519896157,0.4491634902127947,0.677869103093518,-0.20506491313959752,-0.05228383148753183,0.05935846983730042,1.364223618924203,0.40569620253164557
flat10,"HMM[rv_term_def,K=2,myopic] full_smoothed",0.09750763168423893,0.09906226588831205,0.6054497063619345,0.9364105582396659,-0.3246269936943712,-0.05817359906450467,0.07619539608669035,0.22987463489662902,0.5459915611814345
flat10,"HMM[rv_term_def,K=2,myopic] full_filtered",0.09345214631086063,0.09926864926487376,0.5667838132857638,0.8641565085031834,-0.3246269936943712,-0.05888612721242719,0.07209103136037087,0.24321761285103455,0.5422995780590716
flat10,"HMM[returns,K=2,myopic] full_smoothed",0.126663963428161,0.1009122887845925,0.8579215509273532,1.4896873850843477,-0.17230857968833524,-0.04897988939697708,0.10449891993589788,0.8392181604965843,0.6642405063291138
flat10,"HMM[returns,K=2,myopic] full_filtered",0.09659900941787325,0.1086995213041738,0.5532427190472051,0.8607240626072645,-0.2554582768350778,-0.0627516092755279,0.07084861978118573,1.8615282279548575,0.6570675105485233
jones,60/40,0.09314438985890017,0.09920871264468781,0.5641860182061954,0.8622504158049398,-0.3284946602136948,-0.05783935283721029,0.0718356403087308,0.11883637582513998,0.5999999999999999
jones,100% stock,0.11463287010222545,0.1488392100299099,0.5495772180657502,0.8191188268076185,-0.5031170717166413,-0.09205957446808512,0.06408114092959427,0.012658227848101264,1.0
jones,Unconditional MV,0.06974161365013476,0.07033190147843955,0.4518218075027373,0.6697037891122414,-0.24525032825442705,-0.04231045495852679,0.05915660026875358,0.1543330607040871,0.3683544303797469
jones,Vol-managed,0.05251877840855301,0.05257579475334761,0.27373386562531066,0.39169647844369765,-0.14922231132145825,-0.03377232998331277,0.046654055586049514,2.0838793065252554,0.3818757853224072
jones,Trend 10m (cash),0.09558256529407672,0.11358764907840548,0.526375126942474,0.7867796977863278,-0.25223732445337843,-0.07136475319148936,0.06619410263543046,1.4810126582278482,0.7521097046413502
jones,Trend 10m (bonds),0.10471090430859498,0.12487330935642547,0.5565841166890253,0.8456032481592128,-0.2703508859693977,-0.07355290744680851,0.06939695248686739,1.4936708860759493,0.7521097046413502
jones,TSMOM 12m,0.10314837899997831,0.1158016239043646,0.5785066975242916,0.8789759547073069,-0.2443309632702796,-0.0731265829787234,0.07241513661426802,0.8227848101265822,0.7489451476793249
jones,Risk parity,0.07551074692611204,0.08184899111869046,0.4648325770860571,0.7185354942889899,-0.23779753580874574,-0.046728278520776705,0.06138543972379762,0.136877642802383,0.35480440816234315
jones,JM (equity/cash),0.06770631583043296,0.10206411715735272,0.3195874510524811,0.46531341622352723,-0.30002831230483373,-0.06668338506104392,0.04434539425699757,2.1645569620253164,0.6181434599156118
jones,JM (60/40 or cash),0.05483333793570644,0.0691400668053212,0.2540929171434524,0.37808087323637457,-0.18892491950739465,-0.04239600196429007,0.044914011764730866,2.2132183812837116,0.37088607594936707
jones,"HMM[rv,K=2,myopic]",0.08777147586005207,0.11607075375622788,0.4551527430785065,0.6779686299209718,-0.30495753594037167,-0.07175052499128128,0.05806087694197881,0.9883928449075607,0.6875527426160337
jones,"HMM[rv,K=2,switch]",0.08564750609456873,0.11247639554866269,0.4488241740506779,0.6573897225837941,-0.3019217181827728,-0.0724183914893617,0.057072844040759074,0.6708860759493671,0.7352320675105485
jones,"HMM[rv,K=3,myopic]",0.09272613666818597,0.11059811572560138,0.5133288156720489,0.7824103823187701,-0.3308745271030398,-0.06599209901418178,0.06617356205805969,1.2741466207044265,0.7278481012658228
jones,"HMM[rv,K=3,switch]",0.0652121540361168,0.08254793721967225,0.34461182673184987,0.5242931119235252,-0.24403848419662078,-0.0556885410969692,0.050722423162745,1.2151898734177216,0.47257383966244726
jones,"HMM[rv,K=bic,myopic]",0.09337469375569873,0.11135694734626123,0.5158712765228957,0.7875125741164553,-0.3319740139902613,-0.06656606168568101,0.06648659171526616,1.342205284298866,0.7361814345991562
jones,"HMM[rv,K=bic,switch]",0.055814533252252385,0.06327398305809975,0.2867317779323557,0.429616246532169,-0.1921021362344193,-0.04599512313759232,0.04724821848860916,0.5316455696202531,0.25949367088607594
jones,"HMM[rv,K=2,band]",0.08752431375516889,0.1168415148346819,0.45104928901945324,0.6651812856263455,-0.2989365901837753,-0.07308264993044591,0.05700054939184085,0.6856111175572487,0.6964135021097047
jones,"HMM[rv_term,K=2,myopic]",0.08596379197043169,0.10291794275959003,0.4830469461585328,0.7286309493639083,-0.34429683738551775,-0.06366868854505664,0.06307001886547225,0.462885363188892,0.5214135021097046
jones,"HMM[rv_term,K=2,switch]",0.06519611354248478,0.11060869812346852,0.2811508060347851,0.4050161191985153,-0.497682334878627,-0.07741436321069929,0.038924319298613064,0.3924050632911393,0.5590717299578059
jones,"HMM[rv_term,K=3,myopic]",0.07948654356617624,0.10090246812794926,0.43123790858200584,0.6364371939088095,-0.2411935116435826,-0.06461579578620856,0.05723228391624735,0.7089506682289237,0.485126582278481
jones,"HMM[rv_term,K=3,switch]",0.06153967201319621,0.08848823300181637,0.28840277852394675,0.41460594582463356,-0.23968190058301664,-0.06533945810431634,0.044312443927933876,0.6582278481012659,0.4208860759493671
jones,"HMM[rv_term,K=bic,myopic]",0.0793970629414038,0.10565173155923803,0.41568073514582193,0.6201411563940252,-0.2434013728120169,-0.06518451746880634,0.05514544225954676,0.90570554831846,0.5388185654008439
jones,"HMM[rv_term,K=bic,switch]",0.04625182865546029,0.07372618485427582,0.13217031310242905,0.18342215112705673,-0.22156887448180007,-0.0567022447332004,0.034351428042939114,0.759493670886076,0.3027426160337553
jones,"HMM[rv_term,K=2,band]",0.08785994523886909,0.102804492974108,0.500463309388619,0.76055109173578,-0.34736359669707817,-0.06297186313196898,0.06506320447519753,0.38756736977679995,0.5208860759493672
jones,"HMM[rv_term_def,K=2,myopic]",0.08609262192258793,0.10672346263456375,0.4705260844956341,0.7039000202390819,-0.3944701955330038,-0.06587369339068964,0.061541935636954204,0.30125338397820783,0.5457805907172996
jones,"HMM[rv_term_def,K=2,switch]",0.0720680634380444,0.11691195336772318,0.3274532079273988,0.47761935885518503,-0.4856991886442221,-0.07982127659574467,0.042591197383906376,0.26582278481012656,0.6023206751054853
jones,"HMM[rv_term_def,K=3,myopic]",0.08310356775599104,0.10422008679343542,0.4532829801638345,0.6682204573584444,-0.33740181195473484,-0.06636202512645074,0.059130983774988266,0.5634580722759017,0.5758438818565399
jones,"HMM[rv_term_def,K=3,switch]",0.058893490810218774,0.08968647895599319,0.257531434969956,0.3773165047724329,-0.3047945468536375,-0.06573174271206038,0.04142312360840639,0.5063291139240507,0.4092827004219409
jones,"HMM[rv_term_def,K=bic,myopic]",0.09319327061327698,0.1085432184464026,0.5257149495349213,0.7821174352509961,-0.2506587621081674,-0.06932268663013645,0.06610988140817708,0.570329849702354,0.6218354430379747
jones,"HMM[rv_term_def,K=bic,switch]",0.06795084750580149,0.07677460385281802,0.39824500133010354,0.6072081083777597,-0.23072791694475125,-0.05393318448729504,0.05505076999113023,0.32911392405063294,0.33860759493670883
jones,"HMM[rv_term_def,K=2,band]",0.0857070535944755,0.1061077157483942,0.4692885125754745,0.7019126901936243,-0.3962284113303911,-0.06563136116663539,0.06143896121755921,0.2895009434608556,0.5389240506329114
jones,"HMM[macro4,K=2,myopic]",0.08823557934008308,0.11059463448516822,0.4757396976612476,0.706825836538145,-0.439031732114171,-0.06839771284728073,0.06172563628032246,0.2898849035283645,0.5712025316455697
jones,"HMM[macro4,K=2,switch]",0.07286779586197012,0.11657831028760256,0.33451602275913117,0.4852572217376474,-0.4856991886442217,-0.07999048874261419,0.043417935472539027,0.26582278481012656,0.6181434599156118
jones,"HMM[macro4,K=3,myopic]",0.092176240673145,0.10863148002973208,0.5160696980518056,0.7839376479126867,-0.3948137823144837,-0.06561839759212659,0.06649867496196782,0.5291020943875241,0.6315400843881855
jones,"HMM[macro4,K=3,switch]",0.07439520371688202,0.0803638274691462,0.4587248323993194,0.7489421502828516,-0.23072791694475114,-0.05321820851063828,0.060804710636434445,0.5569620253164558,0.39345991561181437
jones,"HMM[macro4,K=bic,myopic]",0.09200711091805225,0.10219161146102212,0.5407881862089164,0.825736872750528,-0.2674487966760777,-0.061779100075450566,0.06863544879627392,0.5543454251149942,0.5970464135021097
jones,"HMM[macro4,K=bic,switch]",0.06315156732635652,0.07140046750240713,0.35896389496699493,0.5785332621599842,-0.23072791694475125,-0.04788821427607681,0.05247804969943881,0.5569620253164558,0.32383966244725737
jones,"HMM[macro4,K=2,band]",0.08861051399288655,0.11021212353610073,0.480173799500367,0.7141888973016423,-0.4393797064186309,-0.06834571430667279,0.062262658491095024,0.26459602522279585,0.5687763713080168
jones,"HMM[returns,K=2,myopic]",0.06483743510946205,0.08072545150989104,0.34620639915324547,0.5145281328570995,-0.2154646635839227,-0.05320853930605279,0.050720933333976204,1.7745183070050943,0.4079113924050633
jones,"HMM[returns,K=2,switch]",0.07513229751602557,0.09031451074014062,0.4253543023662159,0.6519262379644433,-0.2802246086755945,-0.06233115733437123,0.05746694181875167,1.4050632911392404,0.49050632911392406
jones,"HMM[returns,K=3,myopic]",0.0656596740311195,0.08698493989247662,0.33615814470810373,0.4886053682026867,-0.2620169105723805,-0.056875733952578944,0.049350693649798494,1.5797860348681487,0.5036919831223629
jones,"HMM[returns,K=3,switch]",0.05538550440355561,0.07424718509389613,0.24933229689159345,0.36221455776987865,-0.2802246086755945,-0.05708108510638298,0.04327019502784579,0.7848101265822786,0.27109704641350213
jones,"HMM[returns,K=bic,myopic]",0.06775500386626221,0.0910210801170962,0.34694052227220107,0.5098544326145058,-0.3075112674091214,-0.06010190401054307,0.0499270549925106,1.6144771599950736,0.5289029535864979
jones,"HMM[returns,K=bic,switch]",0.056698050313674475,0.06711447354848185,0.2867419223761789,0.4313922150924637,-0.2802246086755943,-0.04984054893617023,0.04700022011159288,0.7088607594936709,0.2552742616033755
jones,"HMM[returns,K=2,band]",0.06992124815106138,0.0777588926114683,0.41804456158721687,0.6224644769484589,-0.20477620370447713,-0.05167614747839525,0.056673494713259664,1.086666809507096,0.3953586497890295
jones,"HMM[rv_term_def,K=2,myopic] full_smoothed",0.09631332649695445,0.09901035164240005,0.5946277826671444,0.9175095302871284,-0.3257044923775604,-0.058219824188844256,0.07504335990245714,0.22987463489662902,0.5459915611814345
jones,"HMM[rv_term_def,K=2,myopic] full_filtered",0.09227414278933876,0.09919991356412852,0.5561531634981168,0.8461524461087707,-0.32570449237756016,-0.058921947061590214,0.0709677046066215,0.24321761285103455,0.5422995780590716
jones,"HMM[returns,K=2,myopic] full_smoothed",0.12311505286188273,0.10122530566756036,0.824062653198922,1.4186111810954039,-0.1829653838709654,-0.049356830528262854,0.1008952160992973,0.8392181604965843,0.6642405063291138
jones,"HMM[returns,K=2,myopic] full_filtered",0.08712095982198842,0.10907016076318668,0.4714813287506283,0.7209843922958181,-0.30161940138038146,-0.06346940166922317,0.06144125751210261,1.8615282279548575,0.6570675105485233
