,cagr,vol,sharpe,sortino,max_dd,cvar5,ce_g5,turnover/yr,avg stock
60/40,0.09401737436554791,0.09921759327569434,0.572249972978987,0.8760819749838135,-0.3266385243694522,-0.057769379145051654,0.07268999317413938,0.11883637582513998,0.5999999999999999
100% stock,0.11473777720849898,0.14883979662944388,0.5502124479828744,0.8200688389395481,-0.5031170717166412,-0.09205957446808512,0.06418017009493338,0.012658227848101264,1.0
Unconditional MV,0.07060808631933857,0.07032805462750846,0.4634232178687707,0.6885553473061921,-0.24295070918230421,-0.042242455454764974,0.06001585060349357,0.15433306070408712,0.3683544303797469
Vol-managed,0.06340836682455175,0.052417849687917344,0.4716263123778708,0.7102264224035787,-0.12984110987648234,-0.0320221032890502,0.05755145736082801,2.0838793065252554,0.3818757853224072
Trend 10m,0.10358982585249521,0.11312158746866256,0.5930030986995951,0.8929812444292043,-0.24479284087043574,-0.07088077021276595,0.07417250710101397,1.4810126582278482,0.7521097046413502
TSMOM 12m,0.10797090107997054,0.11585395651941156,0.6162900705597525,0.9398076899453129,-0.24238832999999993,-0.0731265829787234,0.07703854344198335,0.8227848101265822,0.7489451476793249
Risk parity,0.07650073681965952,0.08187649546941457,0.4760149421972113,0.7375346381206517,-0.23574248935023867,-0.046673323195552285,0.062352354860721215,0.136877642802383,0.35480440816234315
"HMM[rv_term_def,K=2,myopic] full_smoothed",0.09761359639453704,0.09906767067103102,0.6064041046143887,0.9380706657433996,-0.3246269936943712,-0.058171767597523495,0.07629742433224673,0.22987463489662902,0.5459915611814345
"HMM[returns,K=2,myopic] full_smoothed",0.12722193480080213,0.10090079459034215,0.8629617348538455,1.5002201783229436,-0.1718152927621186,-0.04893604040766066,0.10505235800286394,0.8392181604965843,0.6642405063291138
"HMM[rv_term_def,K=2,myopic] full_filtered",0.09357472197618066,0.09927724607396285,0.5678806376411558,0.8660009050164064,-0.3246269936943712,-0.058884391986069734,0.07220762158433525,0.24321761285103455,0.5422995780590716
"HMM[returns,K=2,myopic] full_filtered",0.0978580631203958,0.10867800909388903,0.5639672971900764,0.8794402635731049,-0.25277584784583274,-0.06266549702119971,0.07209225539858144,1.8615282279548575,0.6570675105485233
"HMM[rv_term_def,K=2,myopic] realtime",0.08790349708663459,0.10677593053551478,0.4860641059116795,0.7296165462842644,-0.3928329668178806,-0.06572458705525513,0.06328909229890534,0.30125338397820783,0.5457805907172996
"HMM[returns,K=2,myopic] realtime",0.07553287386966723,0.08053438569741185,0.4715573889383336,0.7200323271832433,-0.19882033031724933,-0.05207638011426434,0.06138396685310621,1.7745183070050943,0.4079113924050633
