cost,era,strategy,Sharpe,CAGR,MaxDD,CE2,CE5,CE10,switches/yr,band_minus_this_sharpe,p_sharpe,band_minus_this_ce5,p_ce5
5bp,1942-2025,Belief band,0.5505922648440409,0.09700136579164709,-0.22328433931434966,0.08970184527866487,0.06788642634263953,0.03182932223362944,7.8329229196673325,,,,
5bp,1942-2025,Myopic HMM,0.5360345896453544,0.09486617446203227,-0.30361933810767394,0.08761337149639248,0.06587962042781692,0.0297676034090939,13.195372392324488,0.014557675198686448,0.614,0.002006805914822607,0.5814
5bp,1942-2025,Buy and hold,0.5905792080539151,0.11817246276117643,-0.5017186076558935,0.10578915361355756,0.06772335355811587,-0.00043265015244586813,,-0.03998694320987417,0.5592,0.0001630727845236546,0.9898
5bp,1950-1989 (pre-sample),Belief band,0.4341445581055851,0.09799591758519122,-0.2110188305618228,0.09090103563473573,0.06975175446355109,0.034983531277975155,7.7530815501429835,,,,
5bp,1950-1989 (pre-sample),Myopic HMM,0.45657535649573533,0.09991141853353436,-0.2001708914057575,0.09308939650120829,0.07275170892860183,0.039296024214092506,13.170298787101864,-0.02243079839015022,0.5582,-0.002999954465050747,0.5364
5bp,1950-1989 (pre-sample),Buy and hold,0.5174495634612745,0.12207221561039017,-0.46357532777587807,0.11002885993932399,0.07289834727907807,0.0046720164378348805,,-0.08330500535568935,0.3506,-0.003146592815526983,0.8568
5bp,1990-2023 (paper window),Belief band,0.5495709751078464,0.08410145969274962,-0.20491871892467195,0.07731750089362133,0.057002385177621795,0.023191549702096914,7.767425569176882,,,,
5bp,1990-2023 (paper window),Myopic HMM,0.5292533900739341,0.08219913122857192,-0.2094574720393486,0.07521394483880517,0.054186804614087425,0.018859966422423602,13.239929947460594,0.020317585033912233,0.6396,0.00281558056353437,0.6024
5bp,1990-2023 (paper window),Buy and hold,0.5497551364924622,0.10282119617351415,-0.5017186076558935,0.08953217196183938,0.04875788328490338,-0.022792838160193507,,-0.00018416138461585518,0.9982,0.008244501892718414,0.7162
5bp,2024-2025 (post-publication),Belief band,0.8997939912885664,0.15771084293869797,-0.06040132015753508,0.15044946870804843,0.12841602180695744,0.09109045576837405,9.035856573705178,,,,
5bp,2024-2025 (post-publication),Myopic HMM,0.68563578459522,0.13111562689528267,-0.11249344631916569,0.12379569742763041,0.10173516614443523,0.06491002230779519,13.051792828685258,0.2141582066933464,0.4348,0.026680855662522207,0.393
5bp,2024-2025 (post-publication),Buy and hold,1.3675367055691454,0.2170210409756157,-0.08309669321669266,0.20974232235630152,0.1875912730622793,0.14975060926777828,,-0.467742714280579,0.2968,-0.05917525125532186,0.1922
10bp,1942-2025,Belief band,0.4818467748248501,0.0888723217462748,-0.2507194428488444,0.08159899059854658,0.05979160522544147,0.023442055653405847,6.170329415044371,,,,
10bp,1942-2025,Myopic HMM,0.45125383053694307,0.08487790559630537,-0.32149236085420263,0.07764330888233895,0.05593900128588092,0.019788444450387743,13.195372392324488,0.030592944287907042,0.3582,0.0038526039395605505,0.3604
10bp,1942-2025,Buy and hold,0.5705787901911392,0.11551476369037528,-0.5017186076558935,0.10314647710629199,0.06512529122464161,-0.002983245437283122,,-0.08873201536628911,0.2028,-0.005333685999200144,0.67
10bp,1942-2025,Jump model,0.45315684252120175,0.08139747217926985,-0.2511289197457379,0.07517941269097506,0.05554866152771165,0.01715383867182485,,0.028689932303648358,0.7842,0.004242943697729817,0.7502
10bp,1950-1989 (pre-sample),Belief band,0.40392197921715606,0.09425325516727678,-0.2501322986800357,0.0871714194375457,0.066072028753551,0.0314138570719662,6.311803569667686,,,,
10bp,1950-1989 (pre-sample),Myopic HMM,0.39535272599336607,0.09264430922064171,-0.21483720260100125,0.08574369017269245,0.06515544708735632,0.031235002686560875,13.170298787101864,0.008569253223789985,0.8504,0.0009165816661946824,0.8778
10bp,1950-1989 (pre-sample),Buy and hold,0.5174495634612745,0.12207221561039017,-0.46357532777587807,0.11002885993932399,0.07289834727907807,0.0046720164378348805,,-0.1135275842441184,0.2072,-0.006826318525527064,0.681
10bp,1950-1989 (pre-sample),Jump model,0.3054663720693557,0.07957936403255106,-0.24491912678025696,0.07361636146041395,0.054671103651332764,0.015990304266895183,,0.09845560714780038,0.5398,0.01140092510221824,0.5942
10bp,1990-2023 (paper window),Belief band,0.489628016123757,0.07729803324732099,-0.21958180295409235,0.0703461108812562,0.049348785019248,0.013661383357244095,5.707880910683012,,,,
10bp,1990-2023 (paper window),Myopic HMM,0.4687712732719714,0.0750594131052571,-0.22206848087681608,0.06802276625887038,0.04680858824793965,0.011061941333375014,13.239929947460594,0.020856742851785626,0.6742,0.002540196771308345,0.6742
10bp,1990-2023 (paper window),Buy and hold,0.5497551364924622,0.10282119617351415,-0.5017186076558935,0.08953217196183938,0.04875788328490338,-0.022792838160193507,,-0.06012712036870521,0.63,0.0005909017343446177,0.9716
10bp,1990-2023 (paper window),Jump model,0.5312164632664271,0.07985509516708245,-0.25112891974573803,0.07324247987464716,0.05223947065370771,0.011733192322280317,,-0.041588447142670126,0.7794,-0.002890685634459711,0.8728
10bp,2024-2025 (post-publication),Belief band,0.7371808833339738,0.13736855904933165,-0.07635509415706265,0.13008958705364693,0.10809181525280653,0.0711269749926744,8.03187250996016,,,,
10bp,2024-2025 (post-publication),Myopic HMM,0.627896355542094,0.12376781311799134,-0.11650676613588229,0.11644621298078217,0.0943758705488329,0.05752096001505835,13.051792828685258,0.1092845277918798,0.583,0.013715944703973637,0.5722
10bp,2024-2025 (post-publication),Buy and hold,1.3675367055691454,0.2170210409756157,-0.08309669321669266,0.20974232235630152,0.1875912730622793,0.14975060926777828,,-0.6303558222351716,0.2278,-0.07949945780947276,0.144
10bp,2024-2025 (post-publication),Jump model,0.7415045062072143,0.13483726782865002,-0.08009863977725706,0.12810771170003976,0.10775301699450468,0.07341921182148692,,-0.004323622873240507,0.9934,0.0003387982583018534,0.9992
25bp,1942-2025,Belief band,0.5198771577099817,0.0933574213583761,-0.285116263575364,0.08614107242891089,0.06439097093314361,0.027555719360095265,4.390651860800074,,,,
25bp,1942-2025,Myopic HMM,0.27092699239221596,0.06294247349578175,-0.3863120700219561,0.05544436003840181,0.032877914599101166,-0.004942604448362142,13.195372392324488,0.2489501653177657,0.0,0.031513056334042444,0.0
25bp,1942-2025,Buy and hold,0.5705787901911392,0.11551476369037528,-0.5017186076558935,0.10314647710629199,0.06512529122464161,-0.002983245437283122,,-0.050701632481157555,0.5254,-0.0007343202914980029,0.9562
25bp,1942-2025,Jump model,0.4581808375881955,0.08259838773565398,-0.27758809658992534,0.07614252376706943,0.055738991439055585,0.015887065603272132,,0.06169632012178616,0.5416,0.008651979494088025,0.5108
25bp,1950-1989 (pre-sample),Belief band,0.48251666257413195,0.10334761261505498,-0.2602172128017851,0.09650588197635335,0.07614531729854246,0.04274660950619302,4.174736219307761,,,,
25bp,1950-1989 (pre-sample),Myopic HMM,0.21704857164908745,0.07110845768628082,-0.27066341823564743,0.06392489243652144,0.04243858685780455,0.006863506442128298,13.170298787101864,0.26546809092504453,0.0,0.03370673044073791,0.0
25bp,1950-1989 (pre-sample),Buy and hold,0.5174495634612745,0.12207221561039017,-0.46357532777587807,0.11002885993932399,0.07289834727907807,0.0046720164378348805,,-0.034932900887142515,0.717,0.0032469700194643902,0.8458
25bp,1950-1989 (pre-sample),Jump model,0.34011744199816046,0.08390152147814667,-0.24605265491259254,0.07769237922485739,0.05792111356831908,0.017630233324414046,,0.14239922057597149,0.3134,0.018224203730223376,0.3442
25bp,1990-2023 (paper window),Belief band,0.47129497438232354,0.07537750670567811,-0.2851162635753639,0.06829292655237951,0.04663328968727232,0.008560818524532054,4.530998248686514,,,,
25bp,1990-2023 (paper window),Myopic HMM,0.2907651562225373,0.053900680332842565,-0.2590818321645809,0.046646454254827496,0.024677194004417258,-0.012676101689068076,13.239929947460594,0.18052981815978625,0.0052,0.02195609568285506,0.0078
25bp,1990-2023 (paper window),Buy and hold,0.5497551364924622,0.10282119617351415,-0.5017186076558935,0.08953217196183938,0.04875788328490338,-0.022792838160193507,,-0.07846016211013868,0.5956,-0.0021245935976310637,0.9296
25bp,1990-2023 (paper window),Jump model,0.5528186922754861,0.0822683287655257,-0.25479855548860486,0.07565306141839523,0.05462953009260274,0.013971918560929053,,-0.08152371789316254,0.6236,-0.007996240405330424,0.6888
25bp,2024-2025 (post-publication),Belief band,0.9014548295778775,0.15044325977749406,-0.06239929967815383,0.14425112477878588,0.12551550706513837,0.09390949287535477,6.0239043824701195,,,,
25bp,2024-2025 (post-publication),Myopic HMM,0.4555633949957789,0.10198789242537853,-0.1284501181732134,0.09462237920684591,0.07241264320791019,0.03530917034191838,13.051792828685258,0.44589143458209857,0.1018,0.05310286385722818,0.0558
25bp,2024-2025 (post-publication),Buy and hold,1.3675367055691454,0.2170210409756157,-0.08309669321669266,0.20974232235630152,0.1875912730622793,0.14975060926777828,,-0.46608187599126794,0.2356,-0.06207576599714093,0.079
25bp,2024-2025 (post-publication),Jump model,0.7115951105826319,0.131437365963883,-0.08147959658303605,0.1246551434837051,0.10412043257128989,0.06941164750917994,,0.18985971899524556,0.5158,0.021395074493848476,0.507
50bp,1942-2025,Belief band,0.48348514976769924,0.09041168709564418,-0.34285293058455846,0.08265521143430021,0.05918952701089997,0.01922641956697224,2.8568508107605814,,,,
50bp,1942-2025,Myopic HMM,-0.009309465451945387,0.027294367550964704,-0.5121491247611731,0.019185078494040164,-0.005356206027385735,-0.046938355407703525,13.195372392324488,0.4927946152196446,0.0,0.0645457330382857,0.0
50bp,1942-2025,Buy and hold,0.5705787901911392,0.11551476369037528,-0.5017186076558935,0.10314647710629199,0.06512529122464161,-0.002983245437283122,,-0.08709364042343998,0.274,-0.0059357642137416455,0.6608
50bp,1942-2025,Jump model,0.44517534014914206,0.08133645108203402,-0.25769757027428664,0.07477172412655997,0.05396649828534317,0.013119802371814204,,0.03830980961855718,0.7008,0.0052230287255568,0.6932
50bp,1950-1989 (pre-sample),Belief band,0.4656935548589591,0.10299440754336886,-0.24860223241803636,0.0955380929733034,0.07319809983229009,0.03606536957683648,2.137067350359925,,,,
50bp,1950-1989 (pre-sample),Myopic HMM,-0.05844126186130695,0.03608548238530962,-0.47364375160694216,0.028281885918407967,0.004832042273791304,-0.034347259805397656,13.170298787101864,0.5241348167202661,0.0,0.06836605755849878,0.0
50bp,1950-1989 (pre-sample),Buy and hold,0.5174495634612745,0.12207221561039017,-0.46357532777587807,0.11002885993932399,0.07289834727907807,0.0046720164378348805,,-0.051756008602315384,0.6246,0.0002997525532120182,0.9868
50bp,1950-1989 (pre-sample),Jump model,0.3236088245128214,0.08167503928557163,-0.24794186846648503,0.0755871515027342,0.05613286455019173,0.016194667803536067,,0.14208473034613767,0.3298,0.017065235282098357,0.4018
50bp,1990-2023 (paper window),Belief band,0.42998222342187575,0.07154799028183567,-0.342852930584558,0.06402633106212519,0.0410179781234119,0.0006684737358104709,3.5894921190893165,,,,
50bp,1990-2023 (paper window),Myopic HMM,0.012126553512623808,0.019489692805003234,-0.5121491247611731,0.011672934075320995,-0.012182493498333558,-0.05338592454504354,13.239929947460594,0.41785566990925194,0.0002,0.05320047162174546,0.0
50bp,1990-2023 (paper window),Buy and hold,0.5497551364924622,0.10282119617351415,-0.5017186076558935,0.08953217196183938,0.04875788328490338,-0.022792838160193507,,-0.11977291307058646,0.398,-0.007739905161491478,0.7508
50bp,1990-2023 (paper window),Jump model,0.5591899503116597,0.08432843353080188,-0.25769757027428664,0.07737844679017569,0.055305391565002804,0.012656122590645413,,-0.129207726889784,0.4318,-0.014287413441590902,0.4894
50bp,2024-2025 (post-publication),Belief band,0.7418272696245612,0.1354216112001474,-0.0694170533764138,0.12854898092829847,0.10760724554302792,0.07174947013420852,6.0239043824701195,,,,
50bp,2024-2025 (post-publication),Myopic HMM,0.17599158789003078,0.06655201946724953,-0.1499929048094788,0.05899048180750599,0.03619895510774329,-0.0018290433691959818,13.051792828685258,0.5658356817345305,0.0524,0.07140829043528463,0.038
50bp,2024-2025 (post-publication),Buy and hold,1.3675367055691454,0.2170210409756157,-0.08309669321669266,0.20974232235630152,0.1875912730622793,0.14975060926777828,,-0.6257094359445842,0.13,-0.07998402751925138,0.0418
50bp,2024-2025 (post-publication),Jump model,0.6603052678970622,0.12557179977827793,-0.08378119125933392,0.11869527245142453,0.09784106038267959,0.06247426144142754,,0.08152200172749902,0.6862,0.009766185160348329,0.6854
jones,1942-2025,Belief band,0.4799354724721005,0.09137250436942534,-0.3568918850481496,0.08301828838302616,0.057268041969469996,0.010418614755045574,2.7866003809877804,,,,
jones,1942-2025,Myopic HMM,-0.11428244817765078,0.012262143225068911,-0.9355229913005445,0.003348354013929189,-0.023781372887485497,-0.07025345127871396,13.195372392324488,0.5942179206497513,0.0,0.08104941485695549,0.0
jones,1942-2025,Buy and hold,0.5705787901911392,0.11551476369037528,-0.5017186076558935,0.10314647710629199,0.06512529122464161,-0.002983245437283122,,-0.09064331771903872,0.1986,-0.007857249255171617,0.4956
jones,1942-2025,Jump model,0.46513305591879256,0.08388311506618784,-0.25112891974573803,0.0772576549507904,0.05631771084814585,0.01542697758701328,,0.01480241655330794,0.8684,0.0009503311213241439,0.9378
jones,1950-1989 (pre-sample),Belief band,0.4497393191411318,0.1043420055615003,-0.3568918850481494,0.0953526722993232,0.06727069253463025,0.013718598155062933,0.7951878512967163,,,,
jones,1950-1989 (pre-sample),Myopic HMM,-0.45756368512519086,-0.021964688530631715,-0.8920531530474741,-0.03139032615845916,-0.06003435999917439,-0.10894210612773347,13.170298787101864,0.9073030042663226,0.0,0.12730505253380464,0.0
jones,1950-1989 (pre-sample),Buy and hold,0.5174495634612745,0.12207221561039017,-0.46357532777587807,0.11002885993932399,0.07289834727907807,0.0046720164378348805,,-0.06771024432014267,0.3836,-0.005627654744447819,0.632
jones,1950-1989 (pre-sample),Jump model,0.3323152759915278,0.08316394758495038,-0.24870984145587216,0.07683805607732408,0.05672246665460601,0.015826131309978342,,0.11742404314960397,0.3822,0.010548225880024242,0.5496
jones,1990-2023 (paper window),Belief band,0.4256980020366248,0.07027702289690652,-0.2931643460792158,0.06305355080670427,0.04106068904892446,0.002853928138050188,5.119439579684763,,,,
jones,1990-2023 (paper window),Myopic HMM,0.3570695191458348,0.06194615486895949,-0.2458138771315268,0.05475227135266403,0.032977666496788016,-0.004008358714990501,13.239929947460594,0.06862848289078999,0.2502,0.008083022552136443,0.2622
jones,1990-2023 (paper window),Buy and hold,0.5497551364924622,0.10282119617351415,-0.5017186076558935,0.08953217196183938,0.04875788328490338,-0.022792838160193507,,-0.12405713445583744,0.3716,-0.007697194235978921,0.75
jones,1990-2023 (paper window),Jump model,0.5549654770027803,0.08370168949329448,-0.2511289197457379,0.07681297741110438,0.05500906647890136,0.013241101676966238,,-0.12926747496615554,0.3852,-0.0139483774299769,0.4498
jones,2024-2025 (post-publication),Belief band,0.7371808833339738,0.13736855904933165,-0.07635509415706265,0.13008958705364693,0.10809181525280653,0.0711269749926744,8.03187250996016,,,,
jones,2024-2025 (post-publication),Myopic HMM,0.627896355542094,0.12376781311799134,-0.11650676613588229,0.11644621298078217,0.0943758705488329,0.05752096001505835,13.051792828685258,0.1092845277918798,0.583,0.013715944703973637,0.5722
jones,2024-2025 (post-publication),Buy and hold,1.3675367055691454,0.2170210409756157,-0.08309669321669266,0.20974232235630152,0.1875912730622793,0.14975060926777828,,-0.6303558222351716,0.2278,-0.07949945780947276,0.144
jones,2024-2025 (post-publication),Jump model,0.7415045062072143,0.13483726782865002,-0.08009863977725706,0.12810771170003976,0.10775301699450468,0.07341921182148692,,-0.004323622873240507,0.9934,0.0003387982583018534,0.9992
