date,enter_below,leave_above,myopic_threshold,p_stay_calm,p_stay_turbulent
1936-07-31,0.24,0.6325000000000001,0.3625,0.9857186336113544,0.9754938669559576
1937-01-04,0.23750000000000002,0.625,0.355,0.9860514543534014,0.9747268777222277
1937-06-05,0.2125,0.6,0.3225,0.9851769608635549,0.9709287003872034
1937-11-05,0.1675,0.54,0.2575,0.9850221431061458,0.9716286480522287
1938-04-08,0.1525,0.52,0.23750000000000002,0.9840025221488248,0.9711440839308197
1938-09-07,0.14250000000000002,0.55,0.23750000000000002,0.9849167264100306,0.9718828630469124
1939-02-08,0.0975,0.515,0.18,0.9852990872454097,0.9723167240775524
1939-07-11,0.1,0.505,0.18,0.9852642037609136,0.9730558535088087
1939-12-11,0.11750000000000001,0.5875,0.23,0.9857359689682255,0.9741856145440224
1940-05-11,0.0925,0.5700000000000001,0.19,0.9859467674526791,0.9744802467656177
1940-10-09,0.11750000000000001,0.6175,0.23500000000000001,0.9866883029208293,0.9757340885460422
1941-03-14,0.1125,0.6325000000000001,0.2325,0.9863448884052568,0.9748487907182972
1941-08-12,0.1625,0.6775,0.3075,0.9867589845635669,0.9747716454386802
1942-01-14,0.2175,0.8525,0.4875,0.9865170038853355,0.9710901704914556
1942-06-15,0.5225,,0.8425,0.9866719650904485,0.9652958173384266
1942-11-14,0.255,0.925,0.59,0.985787166353399,0.9611381887001526
1943-04-16,0.27,0.8375,0.5,0.9829196873492478,0.9523309401710093
1943-09-15,0.2225,0.66,0.34750000000000003,0.976496220935634,0.934756919836115
1944-02-17,0.2025,0.6175,0.3075,0.9726885399402394,0.9134935006083171
1944-07-18,0.2275,0.67,0.34500000000000003,0.9735635546073446,0.905358768949392
1944-12-21,0.20500000000000002,0.6275000000000001,0.3075,0.971691150500892,0.8900392010694134
1945-05-24,0.20500000000000002,0.6225,0.3075,0.9754529193481489,0.9023587140057716
1945-11-08,0.1975,0.62,0.3025,0.9796999844801414,0.9183225407654698
1946-04-13,0.185,0.6,0.28500000000000003,0.9797123507387673,0.9157749857774267
1946-10-04,0.16,0.5675,0.2475,0.9774243422749002,0.9068725853856303
1947-03-10,0.15,0.5775,0.24,0.9752129137929892,0.9038212670034302
1947-08-21,0.155,0.58,0.2475,0.9809310450387277,0.9172179401824619
1948-01-31,0.185,0.665,0.2975,0.9766000729653115,0.8904867672422746
1948-07-09,0.1975,0.7175,0.3025,0.9633930141687685,0.8023820970123542
1948-12-23,0.135,0.5725,0.1975,0.9574425425683123,0.7180475562117006
1949-05-25,0.115,0.5275,0.1675,0.9603214993682204,0.7063564808898521
1949-11-16,0.1275,0.5750000000000001,0.185,0.958154865966546,0.6734731794020724
1950-04-20,0.125,0.6,0.17,0.9553061033556719,0.5342190187985599
1950-10-09,0.17250000000000001,0.7025,0.23,0.955145773363381,0.555463088782525
1951-03-15,0.16,0.58,0.2175,0.9537449343172978,0.6725854145645248
1951-08-28,0.17500000000000002,0.6025,0.23500000000000001,0.9568413388223371,0.677265120626198
1952-02-05,0.17,0.645,0.22,0.9564918508458067,0.5714421115248237
1952-07-15,0.2,0.625,0.265,0.952929125339778,0.7034603088752528
1953-01-16,0.2,0.63,0.265,0.9564674081206883,0.7067583164818464
1953-07-16,0.1875,0.6125,0.2525,0.9551226047430146,0.7077291024207932
1954-01-19,0.1775,0.5975,0.2425,0.9551099895596521,0.7189852086670824
1954-07-20,0.17,0.5875,0.22,0.9658792336382054,0.666978696524055
1955-01-18,0.1975,0.715,0.26,0.9522383956157677,0.5787455435273331
1955-07-19,0.2125,0.645,0.28250000000000003,0.953643943613708,0.7173079084654679
1956-01-18,0.2,0.615,0.265,0.9555871457658626,0.7155715723665841
1956-07-18,0.2,0.6175,0.27,0.9556566242992882,0.7227532495376446
1957-01-18,0.17,0.58,0.2325,0.9626775288838018,0.7265996346721391
1957-07-19,0.1675,0.5650000000000001,0.2275,0.9646524116602008,0.7386193168945244
1958-01-20,0.2025,0.635,0.2775,0.9544955466398882,0.7468660235407513
1958-07-18,0.18,0.61,0.23500000000000001,0.9652127514000821,0.6761982231949208
1959-01-20,0.195,0.6325000000000001,0.255,0.9675776363509796,0.6823231578363855
1959-07-20,0.215,0.6475,0.29,0.9658367751400533,0.7449662398781969
1960-01-19,0.2025,0.6125,0.27,0.9669097769657603,0.7598541341047013
1960-07-19,0.1925,0.6225,0.255,0.9730288559438909,0.7328067079143616
1961-01-18,0.1825,0.56,0.245,0.9833899843663068,0.805086973947956
1961-07-20,0.2225,0.64,0.3,0.9659503025643401,0.7923342270216772
1962-01-19,0.2175,0.6325000000000001,0.295,0.9661504771022726,0.7956934253013186
1962-07-20,0.1475,0.51,0.2025,0.9862381744590201,0.8381132952687963
1963-01-21,0.1475,0.51,0.20500000000000002,0.9865394034428075,0.8471325761118088
1963-07-22,0.1475,0.515,0.20750000000000002,0.9847793645238666,0.8431215839254738
1964-01-22,0.155,0.545,0.22,0.9839161911692096,0.82967762383859
1964-07-22,0.165,0.5700000000000001,0.2325,0.980507474621754,0.8054088856014184
1965-01-21,0.1625,0.5575,0.23,0.9833828435260722,0.8317743369484479
1965-07-22,0.165,0.5650000000000001,0.23500000000000001,0.9853111991534922,0.8518020987809101
1966-01-20,0.17,0.58,0.2475,0.9860942458693304,0.8617060222837516
1966-07-21,0.1475,0.555,0.22,0.9850466908084925,0.8600251204839815
1967-01-20,0.14250000000000002,0.525,0.215,0.9886035264133963,0.9089538615338016
1967-07-21,0.15,0.5425,0.225,0.9884713839346402,0.9116192392757041
1968-01-22,0.1575,0.5725,0.2425,0.9884081231819426,0.9176230184413953
1968-08-05,0.155,0.59,0.2425,0.9871056760623387,0.9102213386735271
1969-03-03,0.16,0.5575,0.2425,0.9881524488624864,0.9221298436643875
1969-09-03,0.15,0.54,0.225,0.9870127383316722,0.9106824145472309
1970-03-04,0.14,0.5325,0.21,0.9853743475489262,0.8892369428610426
1970-08-31,0.1225,0.54,0.195,0.9855720874912804,0.9073035864593483
1971-03-02,0.12,0.5425,0.1925,0.98627128724155,0.9071734349084827
1971-08-30,0.12,0.555,0.1975,0.9863840742633834,0.9110933049423868
1972-02-28,0.135,0.5925,0.2225,0.9863367234199418,0.9122830265425665
1972-08-25,0.1325,0.5925,0.22,0.9875354572048923,0.9166992238013256
1973-03-01,0.11,0.585,0.195,0.9891909461152132,0.921963366961322
1973-08-29,0.1,0.5625,0.1825,0.9896571514315732,0.9419871501214419
1974-02-28,0.10250000000000001,0.535,0.18,0.9889950647902633,0.9490868392686236
1974-08-28,0.12,0.5175,0.2025,0.9890865049285085,0.9644642154267005
1975-02-27,0.11,0.5675,0.2025,0.9909655513528937,0.9721975586775004
1975-08-27,0.11,0.5975,0.2175,0.9918586768662184,0.9789402062381254
1976-02-26,0.1275,0.6275000000000001,0.25,0.9918001918746433,0.9772723373224977
1976-08-25,0.10250000000000001,0.5875,0.20500000000000002,0.9926450158889739,0.9769401361782729
1977-02-24,0.085,0.5525,0.17250000000000001,0.9932230820083681,0.9767359840502211
1977-08-25,0.08,0.54,0.165,0.994021734632224,0.9785648749581587
1978-02-24,0.045,0.4825,0.105,0.994688038527295,0.9793802605334809
1978-08-24,0.1075,0.5725,0.2025,0.9959029747088456,0.9815756967216053
1979-02-23,0.0725,0.4925,0.14250000000000002,0.9954546660001804,0.9803044985597003
1979-08-23,0.075,0.4875,0.145,0.9959074311474304,0.9818131374870842
1980-02-22,0.0975,0.49,0.17250000000000001,0.9952743485835336,0.9785702817300417
1980-08-21,0.1,0.465,0.17,0.9948346875471553,0.9793361764031012
1981-02-23,0.115,0.4925,0.195,0.99407872297539,0.979529412264747
1981-08-21,0.12,0.5,0.2025,0.994823699604678,0.9806880031605097
1982-02-22,0.1325,0.49,0.215,0.9939499392326073,0.9797004293746999
1982-08-20,0.115,0.49,0.195,0.9936643961616408,0.9795604475241277
1983-02-17,0.13,0.6175,0.255,0.9932782666004663,0.9810978063419017
1983-08-18,0.155,0.61,0.2775,0.9939207417904221,0.9814566615866186
1984-02-16,0.1125,0.5700000000000001,0.215,0.9939980740735721,0.9814683031461029
1984-08-16,0.0925,0.59,0.2,0.9935996719940272,0.9798524624190679
1985-02-14,0.135,0.63,0.26,0.9934737986583038,0.9781594822366239
1985-08-15,0.1325,0.6525,0.2675,0.9941114831872884,0.9793031760307012
1986-02-14,0.2125,0.7675000000000001,0.41250000000000003,0.9952209189079242,0.9814719907733188
1986-08-15,1.0,,1.0,0.994748323884112,0.9733301948773251
1987-02-13,0.2275,0.7525000000000001,0.385,0.9928551237950349,0.9502900482558849
1987-08-14,0.22,0.6950000000000001,0.34750000000000003,0.9918879082455108,0.9405393350003909
1988-02-12,0.085,0.485,0.1375,0.9930388660228687,0.9135224410338177
1988-08-12,0.0825,0.48,0.13,0.9923682955667777,0.8966032914757354
1989-02-10,0.0925,0.485,0.14250000000000002,0.9924747140737329,0.8963990404412422
1989-08-11,0.10250000000000001,0.4925,0.1575,0.9927096264584933,0.8956564351972127
1990-02-09,0.0925,0.47000000000000003,0.14250000000000002,0.9918382042288286,0.8757424067120685
1990-08-10,0.08,0.4425,0.12,0.9909358289124233,0.8649312338402596
1991-02-08,0.0975,0.535,0.1475,0.9826449652130816,0.7909224025041228
1991-08-09,0.095,0.525,0.14250000000000002,0.9836306699677616,0.784264694345988
1992-02-07,0.125,0.67,0.19,0.9835358728744802,0.7275024409661665
1992-08-07,0.085,0.5325,0.1375,0.9904836529375889,0.8466545180938221
1993-02-05,0.105,0.6075,0.1775,0.9912099232517395,0.8724934969933793
1993-08-06,0.135,0.6575,0.2275,0.9915762688404779,0.8780218331069901
1994-02-03,0.15,0.6625,0.2525,0.9917275298592719,0.8927996659410125
1994-08-05,0.11750000000000001,0.5375,0.1825,0.991162330325265,0.8827304039151869
1995-02-03,0.08,0.445,0.115,0.9876803416576636,0.7894340900768326
1995-08-04,0.09,0.4575,0.1275,0.9882457256570145,0.805893004649684
1996-02-02,0.105,0.465,0.1475,0.9889748809317491,0.8231720430186302
1996-08-02,0.105,0.455,0.145,0.9838268372539563,0.777751801707323
1997-01-31,0.1075,0.425,0.145,0.988001206911417,0.8226912322152219
1997-08-01,0.1225,0.47000000000000003,0.1625,0.9837614413143908,0.7680663449308911
1998-02-02,0.115,0.485,0.16,0.980035508419841,0.7611178038259264
1998-08-03,0.1225,0.4925,0.1675,0.9836217007173037,0.7818244628259934
1999-02-02,0.1325,0.4825,0.19,0.9879311309125298,0.8863685247830692
1999-08-03,0.1475,0.53,0.2175,0.9877849227363327,0.8978527095264439
2000-02-01,0.3225,0.8475,0.5325,0.9877775779852093,0.9521621182327678
2000-08-01,0.3325,0.8475,0.5575,0.9889932245841752,0.9653855795059254
2001-01-31,0.2975,0.7775,0.48,0.9879820756995953,0.9633804771894612
2001-08-01,0.28500000000000003,0.7625000000000001,0.465,0.987387986688653,0.9701895274596277
2002-02-06,0.295,0.7775,0.4875,0.987644172238619,0.9747631099546691
2002-08-07,0.28750000000000003,0.7575000000000001,0.47000000000000003,0.9877304754317751,0.9765248181356112
2003-02-06,0.27,0.73,0.44,0.9887977778834994,0.9807871408655335
2003-08-07,0.32,0.8,0.5325,0.9895725039054184,0.9852493977953022
2004-02-06,0.3325,0.805,0.5475,0.990730959803498,0.9860192350110045
2004-08-09,0.31,0.7775,0.505,0.9907803796106697,0.9852404938689363
2005-02-07,0.3075,0.77,0.4975,0.9914991763001322,0.9852759171908018
2005-08-08,0.2975,0.75,0.47750000000000004,0.9917067150616616,0.9844416336774168
2006-02-07,0.28250000000000003,0.73,0.4525,0.9921370313039373,0.9835377841203659
2006-08-08,0.24,0.685,0.3875,0.9933540427794114,0.9814458227594963
2007-02-08,0.265,0.7075,0.4225,0.9932759664648741,0.9823373866361681
2007-08-09,0.22,0.6475,0.3525,0.9929358551076307,0.9797426182335813
2008-02-08,0.21,0.615,0.33,0.9922889785812629,0.9794576626484737
2008-08-08,0.22,0.625,0.34500000000000003,0.9921117841859014,0.9822160590972895
2009-02-09,0.0625,0.41000000000000003,0.1075,0.9935499985352596,0.967768618796571
2009-08-10,0.0675,0.4625,0.125,0.9934473251820378,0.9712798921458016
2010-02-09,0.0575,0.4475,0.1075,0.9943996299198754,0.9744812182644488
2010-08-10,0.08750000000000001,0.4975,0.1575,0.9942567718100422,0.973734912180141
2011-02-08,0.08,0.47000000000000003,0.14250000000000002,0.9938122651556454,0.9729825552178839
2011-08-09,0.0725,0.44,0.1275,0.9922134099998454,0.9711378062520803
2012-02-08,0.105,0.5225,0.185,0.9919809131772819,0.9757495584436677
2012-08-08,0.085,0.4875,0.15,0.9932129871270969,0.9752393671301834
2013-02-11,0.12,0.54,0.20500000000000002,0.9941098041571613,0.9748643565106021
2013-08-12,0.1675,0.5925,0.2725,0.9938952124466724,0.9768628176667
2014-02-11,0.2,0.6225,0.32,0.9953166141331461,0.9866326423506844
2014-08-12,0.2225,0.655,0.3525,0.9961661965937899,0.9860389904161585
2015-02-11,0.20500000000000002,0.64,0.3275,0.9958684665481092,0.9788924573218967
2015-08-12,0.1775,0.5975,0.28250000000000003,0.9959079916145169,0.9812842256241777
2016-02-11,0.16,0.56,0.25,0.9941535946729749,0.976022035869698
2016-08-11,0.1825,0.585,0.28,0.9926756962440071,0.9701120871787563
2017-02-10,0.185,0.5875,0.28500000000000003,0.9922826662416598,0.9691020773961976
2017-08-11,0.19,0.5925,0.29,0.9919601096731988,0.9688374553291788
2018-02-12,0.2,0.5925,0.3025,0.989971536706368,0.9651335865871168
2018-08-13,0.2175,0.61,0.325,0.9878371655836857,0.9590928983159315
2019-02-13,0.2225,0.6075,0.33,0.9886140431903093,0.9654324714190761
2019-08-14,0.2175,0.6025,0.3225,0.9885864811802486,0.9647560066333288
2020-02-13,0.2275,0.6225,0.34,0.9901284684198337,0.9628962808491699
2020-08-13,0.2125,0.6,0.3175,0.9915669790419023,0.9654066894283123
2021-02-12,0.3225,0.76,0.48,0.9841912282464637,0.941486202481796
2021-08-13,0.2625,0.6575,0.375,0.9827789479211738,0.9291001046361955
2022-02-11,0.2625,0.6675,0.3825,0.9835484554499466,0.9378108583487974
2022-08-15,0.27,0.685,0.4,0.9872923893889965,0.953889028768283
2023-02-14,0.28,0.7000000000000001,0.42,0.9870079488465779,0.960892678343357
2023-08-16,0.3075,0.745,0.4675,0.9865593558073784,0.9599666330062452
2024-02-15,0.2675,0.685,0.3975,0.986028146390506,0.9518928613798411
2024-08-16,0.275,0.685,0.405,0.9866245119789858,0.9562195672282067
2025-02-19,0.2675,0.67,0.3925,0.986707832242217,0.9538920040032276
2025-08-20,0.2625,0.6675,0.3875,0.9847132827975724,0.9496565133529541
2026-02-20,0.255,0.66,0.3775,0.986621474251156,0.9545034027649358
2026-08-21,0.2525,0.655,0.37,0.984451142086537,0.9455415516922685
