date,enter_below,leave_above,myopic_threshold,s2,g,cost,law_half_width,law_corrected,p_stay_calm,p_stay_turbulent
1936-07-31,0.17,0.755,0.3625,0.08209065265638638,0.0025950670905585684,0.0025,0.49135132177987084,0.3244278785646292,0.9857186336113983,0.9754938669555617
1937-01-04,0.1675,0.7475,0.355,0.08010687514429324,0.0026038716944661857,0.0025,0.4868111229159527,0.3219169245448414,0.9860514543534014,0.9747268777222277
1937-06-05,0.1475,0.7325,0.3225,0.07537487983615043,0.002545379686453087,0.0025,0.4806568200221006,0.32070698492167127,0.985176960863306,0.9709287003871271
1937-11-05,0.115,0.6825,0.2575,0.06619052347576285,0.0026041577025611162,0.0025,0.4567935198099534,0.30690499401832316,0.9850221431063532,0.9716286480516428
1938-04-08,0.10250000000000001,0.665,0.23750000000000002,0.05994300857833114,0.0025421543317223007,0.0025,0.44550846864472937,0.30286898808496,0.9840025221479332,0.9711440839324513
1938-09-07,0.0925,0.6975,0.23750000000000002,0.05713382168554479,0.002017703910726181,0.0025,0.4735389450934054,0.33428191853511835,0.9849167264095731,0.9718828630484183
1939-02-08,0.0575,0.6775,0.18,0.04551069917036347,0.0017374391573044983,0.0025,0.4614008497732086,0.3371134122666992,0.9852990872455375,0.9723167240780248
1939-07-11,0.06,0.665,0.18,0.04526648363215695,0.0018565529083713738,0.0025,0.45050563977880403,0.32655212103116404,0.9852642037612934,0.9730558535079304
1939-12-11,0.0725,0.7375,0.23,0.050243106402977,0.0014121368468313542,0.0025,0.5109875534621214,0.38039791433913384,0.9857359689681572,0.9741856145449493
1940-05-11,0.0525,0.7275,0.19,0.04537035026576782,0.0013106243550524118,0.0025,0.5063393991474472,0.38224375253011555,0.9859467674526408,0.9744802467658401
1940-10-09,0.07,0.765,0.23500000000000001,0.054223563402722164,0.0012671607197089433,0.0025,0.543411977786323,0.40774801224208956,0.9866883029207147,0.9757340885438107
1941-03-14,0.0625,0.78,0.2325,0.057003549383300205,0.0011869970561488228,0.0025,0.564713072606366,0.42561489842181377,0.9863448884051629,0.9748487907166835
1941-08-12,0.095,0.81,0.3075,0.06974321069250707,0.0013095926290843248,0.0025,0.5845194865309851,0.43066100264234064,0.9867589845633841,0.9747716454396063
1942-01-14,0.11750000000000001,0.935,0.4875,0.07422958983644323,0.000803081946973546,0.0025,0.7024511941210031,0.5437211961497516,0.9865170038853355,0.9710901704914556
1942-06-15,0.5175,,0.8425,0.02415169798500061,0.00039983205826427424,0.0025,0.6095843023460106,0.5190435049740229,0.9866719650906918,0.9652958173388727
1942-11-14,0.14,0.9975,0.59,0.06447459373046377,0.0007032335703333747,0.0025,0.7005515459792593,0.5526186403974629,0.9857871663539807,0.961138188697398
1943-04-16,0.1625,0.9375,0.5,0.07165467790174149,0.0011470894842972122,0.0025,0.6164428776436802,0.46049022925218897,0.9829196873495457,0.9523309401692845
1943-09-15,0.1525,0.805,0.34750000000000003,0.06814468218027418,0.0020767617396541087,0.0025,0.49738443215661315,0.3452994029625749,0.9764962209346425,0.9347569198406328
1944-02-17,0.14,0.7775,0.3075,0.06720632430791892,0.002391194498902158,0.0025,0.4723625981678624,0.32132831038509124,0.972688539942403,0.9134935006029725
1944-07-18,0.155,0.8300000000000001,0.34500000000000003,0.07365137727297685,0.0022285754391603886,0.0025,0.49857243862484907,0.34046186417837165,0.9735635546115579,0.9053587689504982
1944-12-21,0.14,0.8,0.3075,0.0745727836085527,0.0025130190505749336,0.0025,0.4809928424437664,0.3218963307494564,0.9716911505037644,0.8900392010674951
1945-05-24,0.14250000000000002,0.7875,0.3075,0.07635042671741701,0.0025443074823677117,0.0025,0.48278938608132715,0.32180779532137904,0.9754529193461692,0.9023587140047787
1945-11-08,0.135,0.78,0.3025,0.07574946573511278,0.0024038124619703088,0.0025,0.4907233835930099,0.3303765946375169,0.9796999844797369,0.9183225407661432
1946-04-13,0.1275,0.765,0.28500000000000003,0.0746868894458001,0.002512090700413443,0.0025,0.48129731780615165,0.32207913369545293,0.979712350740342,0.9157749857708699
1946-10-04,0.11,0.7425,0.2475,0.07120815996134927,0.002584153623349408,0.0025,0.46926075434512227,0.31379477675323025,0.9774243422769269,0.9068725853843164
1947-03-10,0.1,0.755,0.24,0.06945141553577827,0.0023599358815241207,0.0025,0.4796642914500935,0.32612800535764974,0.9752129137907326,0.9038212670080517
1947-08-21,0.105,0.75,0.2475,0.07025049741350328,0.0023469668493379696,0.0025,0.4823821609274545,0.3279651355595756,0.9809310450396082,0.9172179401771902
1948-01-31,0.1225,0.8475,0.2975,0.07279767833955673,0.001955744070249511,0.0025,0.5187350476694698,0.36154348013607895,0.9766000729652302,0.8904867672414738
1948-07-09,0.1325,0.9550000000000001,0.3025,0.0729514087681246,0.0020541946935606465,0.0025,0.5106709060211245,0.3533134514472625,0.9633930141673548,0.8023820970211667
1948-12-23,0.0925,0.85,0.1975,0.0567814317424186,0.002936398375303571,0.0025,0.4170046302449159,0.27817772262696405,0.9574425425695219,0.7180475562126948
1949-05-25,0.08,0.8075,0.1675,0.052081899489534775,0.0031772376000271047,0.0025,0.39465971366853797,0.2617018930231149,0.96032149936767,0.7063564808880939
1949-11-16,0.09,0.8825000000000001,0.185,0.05416828607572667,0.002993171608339592,0.0025,0.40789487471722535,0.2723000770135792,0.9581548659663004,0.6734731794005904
1950-04-20,0.0925,1.0,0.17,0.04749345321065981,0.0032039717684616414,0.0025,0.381644298164239,0.2546783225223647,0.955306103353804,0.5342190188019785
1950-10-09,0.145,,0.23,0.053947714295599185,0.0028408372306033504,0.0025,0.4144950246071061,0.2791765776683988,0.9551457733628471,0.5554630887920371
1951-03-15,0.1225,0.8775000000000001,0.2175,0.05158801083846992,0.003288413332862652,0.0025,0.38892382643673984,0.256597921861319,0.9537449343180393,0.672585414566122
1951-08-28,0.135,0.8975,0.23500000000000001,0.05401466287522646,0.0032495356622146967,0.0025,0.3964975821747037,0.26109519684276467,0.9568413388212343,0.6772651206269144
1952-02-05,0.1375,,0.22,0.05138232148060961,0.003179964312871884,0.0025,0.3927723566747836,0.2607105174775507,0.9564918508467767,0.5714421115256246
1952-07-15,0.155,0.905,0.265,0.057951085331998116,0.0032106639572291105,0.0025,0.4075360167497285,0.26728653429655747,0.9529291253404119,0.7034603088738709
1953-01-16,0.1525,0.9075,0.265,0.05986518319480581,0.0031646126093454745,0.0025,0.4139631437689356,0.27141628933893913,0.9564674081203417,0.7067583164845982
1953-07-16,0.14250000000000002,0.89,0.2525,0.05816324838616581,0.0031800352426499105,0.0025,0.4093385650222863,0.2688325854420637,0.9551226047436815,0.7077291024174187
1954-01-19,0.1325,0.8675,0.2425,0.057179180235973695,0.0031467825911189566,0.0025,0.4084455334349642,0.26913323975550585,0.9551099895593732,0.7189852086696216
1954-07-20,0.13,0.8775000000000001,0.22,0.05593464501583302,0.003437474733496368,0.0025,0.3936928671782109,0.2559050172389137,0.9658792336410664,0.6669786965170005
1955-01-18,0.1675,,0.26,0.05842372850212751,0.0029003419292798283,0.0025,0.4227242010876326,0.28190394978235056,0.9522383956176957,0.5787455435232369
1955-07-19,0.1625,0.915,0.28250000000000003,0.06215912534583857,0.003140684247284991,0.0025,0.4202463615892096,0.27499409178226136,0.9536439436128398,0.7173079084655092
1956-01-18,0.1525,0.8775000000000001,0.265,0.06175774247105813,0.003331951158292554,0.0025,0.41115731163716834,0.26637477332230186,0.9555871457635707,0.7155715723694094
1956-07-18,0.155,0.88,0.27,0.061423956988683,0.0032650196995482918,0.0025,0.41320073383965034,0.26880998271195494,0.9556566243003037,0.7227532495364393
1957-01-18,0.13,0.8425,0.2325,0.05702325263259072,0.0032481353685919452,0.0025,0.4037845626077662,0.2646623508918392,0.9626775288835874,0.7265996346722675
1957-07-19,0.1275,0.8200000000000001,0.2275,0.05609104118267825,0.0033122254534220345,0.0025,0.39896514853278764,0.26098480207178504,0.9646524116581342,0.7386193169011808
1958-01-20,0.155,0.9025,0.2775,0.054266769588677446,0.0028633895315074397,0.0025,0.41421733305681385,0.278499328687191,0.9544955466394833,0.7468660235432149
1958-07-18,0.14250000000000002,0.9125,0.23500000000000001,0.05228119468349876,0.0032178374461978706,0.0025,0.39349349433566905,0.2602815301748983,0.9652127513996609,0.6761982232004761
1959-01-20,0.155,0.93,0.255,0.056409245737144995,0.0031754293678694125,0.0025,0.4053775570414807,0.26700638273982213,0.9675776363510291,0.6823231578373233
1959-07-20,0.17,0.9075,0.29,0.059324831874561425,0.003015264551138443,0.0025,0.41941837565449425,0.2775163031840768,0.9658367751399057,0.7449662398780199
1960-01-19,0.1575,0.86,0.27,0.055935496222338,0.0031166014169097867,0.0025,0.40676711296383755,0.2689782146093056,0.9669097769654911,0.7598541341069542
1960-07-19,0.1525,0.8925000000000001,0.255,0.053769923826970475,0.0030109104590831893,0.0025,0.40609185871343506,0.2709965740054184,0.9730288559438385,0.732806707914545
1961-01-18,0.145,0.7775,0.245,0.0552700566203227,0.0033403954051135923,0.0025,0.39588991010770425,0.2589230704587359,0.9833899843656058,0.8050869739538188
1961-07-20,0.17500000000000002,0.875,0.3,0.05392134467726843,0.002836601263567909,0.0025,0.41463366761681353,0.27934829651827325,0.9659503025635687,0.7923342270242071
1962-01-19,0.17,0.8675,0.295,0.05297379451085554,0.0028239821819714614,0.0025,0.41280359046979503,0.27871216068941185,0.9661504771022851,0.7956934253011735
1962-07-20,0.1125,0.715,0.2025,0.05229448118642696,0.0033313847780234995,0.0025,0.38900403829983815,0.2557751482756955,0.9862381744584948,0.8381132952695031
1963-01-21,0.1125,0.71,0.20500000000000002,0.052654525250359734,0.003324299365383115,0.0025,0.3901715636783435,0.25648482429493724,0.9865394034426247,0.8471325761137527
1963-07-22,0.1125,0.7175,0.20750000000000002,0.05333054699215876,0.0032633690189831704,0.0025,0.3942578717489308,0.2597156796589094,0.9847793645238859,0.843121583921827
1964-01-22,0.11750000000000001,0.7575000000000001,0.22,0.057495965281053545,0.0030894427810479784,0.0025,0.41171449800245585,0.272016827210995,0.9839161911690908,0.8296776238344605
1964-07-22,0.125,0.795,0.2325,0.0586608901921941,0.0030225867661977926,0.0025,0.41751015846960116,0.27640437810220636,0.9805074746214743,0.8054088855950904
1965-01-21,0.1225,0.765,0.23,0.059813843541553335,0.0030625530556573554,0.0025,0.41839175637292814,0.27590603827780746,0.9833828435253887,0.8317743369445784
1965-07-22,0.1225,0.765,0.23500000000000001,0.06109078917444018,0.0029160693018721105,0.0025,0.4282884744520262,0.284289848513559,0.9853111991549908,0.8518020987847256
1966-01-20,0.1275,0.775,0.2475,0.06443174985439278,0.002799075316050408,0.0025,0.44194904845866595,0.2940653023362215,0.9860942458693304,0.8617060222837516
1966-07-21,0.11,0.7575000000000001,0.22,0.05737291715776448,0.0027493249865028725,0.0025,0.4277309802332923,0.28818287422343,0.985046690809154,0.8600251204874634
1967-01-20,0.105,0.705,0.215,0.054591986401581416,0.0027233457658431166,0.0025,0.42203887829343106,0.2859148073202662,0.9886035264133889,0.9089538615338334
1967-07-21,0.11,0.72,0.225,0.05597847501449247,0.002605083336779055,0.0025,0.4319268843615022,0.29408506019332714,0.988471383933731,0.9116192392719628
1968-01-22,0.115,0.745,0.2425,0.056139556809031634,0.002306658852153109,0.0025,0.45023469613227163,0.3121946899119794,0.9884081231812056,0.9176230184387094
1968-08-05,0.11,0.77,0.2425,0.055029364996633245,0.0021217590211878587,0.0025,0.4598786388257731,0.32321035813049015,0.9871056760613727,0.9102213386720865
1969-03-03,0.11750000000000001,0.7275,0.2425,0.05602702916291244,0.002465149579545086,0.0025,0.44007685536800384,0.3021752641042471,0.9881524488624864,0.9221298436643875
1969-09-03,0.1075,0.7175,0.225,0.0531837802244124,0.002548849204179331,0.0025,0.4277159469892859,0.29335901389313535,0.9870127383316187,0.910682414547221
1970-03-04,0.10250000000000001,0.7225,0.21,0.049434310975455774,0.002606077723380977,0.0025,0.4143405736839046,0.2848062914649202,0.9853743475477947,0.889236942856505
1970-08-31,0.085,0.7275,0.195,0.04847462278950791,0.0022110523904909866,0.0025,0.4348260532399203,0.3065552839385176,0.9855720874923064,0.9073035864582691
1971-03-02,0.0825,0.7325,0.1925,0.047592527441665346,0.0021423229806751196,0.0025,0.43674542405017536,0.30964708802792135,0.9862712872425703,0.9071734349076113
1971-08-30,0.0825,0.745,0.1975,0.04833890874570558,0.002001216080675534,0.0025,0.4491017098779476,0.3210106257937869,0.986384074265566,0.9110933049418947
1972-02-28,0.0925,0.7775,0.2225,0.05289579428360091,0.0018782746782608146,0.0025,0.4726769621027457,0.3386842888398689,0.9863367234198549,0.9122830265426304
1972-08-25,0.09,0.775,0.22,0.05304820533074063,0.0018426507383231038,0.0025,0.4761600765779348,0.34197450259024154,0.9875354572048923,0.9166992238013256
1973-03-01,0.0725,0.775,0.195,0.04933713105891803,0.0016494193145928674,0.0025,0.48227123718636933,0.35286433940074247,0.9891909461160875,0.9219633669637312
1973-08-29,0.0625,0.745,0.1825,0.042961082022890916,0.0015562616061211754,0.0025,0.4695421942467617,0.34878637023484904,0.98965715143087,0.9419871501190195
1974-02-28,0.0675,0.71,0.18,0.0419344261341222,0.0017432586057610309,0.0025,0.44848375643371513,0.3291795291093664,0.9889950647905817,0.9490868392668704
1974-08-28,0.08,0.675,0.2025,0.03924427413369488,0.0018531419172239292,0.0025,0.4298328759109976,0.3144188393268138,0.9890865049285085,0.9644642154267005
1975-02-27,0.0675,0.725,0.2025,0.04273095798383668,0.001416590340969625,0.0025,0.48362625934538583,0.36319428810718896,0.9909655513521952,0.9721975586777596
1975-08-27,0.0675,0.75,0.2175,0.04070038915281604,0.0011489426193222467,0.0025,0.5102431267783581,0.39270743679730225,0.9918586768664104,0.9789402062379832
1976-02-26,0.08,0.77,0.25,0.04181108352407467,0.0010927195806549987,0.0025,0.5235256783966034,0.404397036297686,0.9918001918753686,0.9772723373194739
1976-08-25,0.065,0.7425,0.20500000000000002,0.035039700389039696,0.0011046676534925458,0.0025,0.4917979017283682,0.3827416235247685,0.9926450158894692,0.9769401361764751
1977-02-24,0.0525,0.7175,0.17250000000000001,0.029581112882547528,0.0011221001414683783,0.0025,0.4623860464409341,0.36218373619578137,0.9932230820087284,0.9767359840476934
1977-08-25,0.05,0.705,0.165,0.0282329884978766,0.0011431121989555646,0.0025,0.45244565286452243,0.35455326869191417,0.9940217346320988,0.9785648749580008
1978-02-24,0.0275,0.665,0.105,0.01772020170201297,0.0011038347031445226,0.0025,0.3919210846489232,0.3143669759927473,0.994688038527295,0.9793802605334809
1978-08-24,0.07,0.725,0.2025,0.03296366541888524,0.0011617958486912748,0.0025,0.4738551971763301,0.3680789318981753,0.9959029747088456,0.9815756967216053
1979-02-23,0.0475,0.6625,0.14250000000000002,0.024409822444341023,0.0013329273031871106,0.0025,0.4095087081223438,0.3184853632861526,0.9954546660003338,0.980304498558413
1979-08-23,0.05,0.655,0.145,0.024695318710988023,0.001381899380344281,0.0025,0.40618432570649715,0.3146302256565092,0.9959074311474607,0.9818131374871397
1980-02-22,0.0675,0.6475,0.17250000000000001,0.027902133406119786,0.0016174346915829748,0.0025,0.40143383549911243,0.30411672944579116,0.9952743485835313,0.9785702817300705
1980-08-21,0.07,0.6175,0.17,0.02776806123374438,0.0018524769066342076,0.0025,0.38306694175046346,0.28598392581149235,0.9948346875471609,0.979336176404492
1981-02-23,0.0825,0.64,0.195,0.02855725713896011,0.0017184742129126912,0.0025,0.396462011491389,0.29800906315496006,0.9940787229754058,0.9795294122663235
1981-08-21,0.085,0.6475,0.2025,0.02951945144086835,0.0017178214953667823,0.0025,0.4009164159016652,0.30081859533725175,0.9948236996046492,0.9806880031594781
1982-02-22,0.0975,0.63,0.215,0.029505879002429534,0.0019499026009445284,0.0025,0.38427515117733035,0.28420034472120637,0.993949939232914,0.979700429375709
1982-08-20,0.08,0.635,0.195,0.02632004805019049,0.0016476479278413137,0.0025,0.3912771708834878,0.29675932414263007,0.9936643961616582,0.9795604475239974
1983-02-17,0.085,0.7575000000000001,0.255,0.030986936815009983,0.000959462569180644,0.0025,0.4947592918482699,0.3922035917741331,0.9932782666007164,0.9810978063421767
1983-08-18,0.105,0.745,0.2775,0.03171811316692913,0.0011366239764214019,0.0025,0.47123832070314264,0.367479708949171,0.993920741790606,0.9814566615865352
1984-02-16,0.0725,0.7175,0.215,0.026378402927885396,0.0010330348047069093,0.0025,0.45749702104771967,0.3628744533052675,0.9939980740735721,0.9814683031461029
1984-08-16,0.0575,0.745,0.2,0.02445635626955936,0.0008295142875549453,0.0025,0.4799541115860554,0.3888440465846674,0.993599671994479,0.9798524624205035
1985-02-14,0.08750000000000001,0.77,0.26,0.03023649268555001,0.0009264079774292916,0.0025,0.49650100465897357,0.39519476694357325,0.9934737986583004,0.9781594822366952
1985-08-15,0.085,0.79,0.2675,0.03264741142865364,0.0008478999229679673,0.0025,0.5246203603519263,0.4193527276533177,0.9941114831872571,0.9793031760308933
1986-02-14,0.1375,0.87,0.41250000000000003,0.038059555137248374,0.0007656153436043252,0.0025,0.5712525025423826,0.4575938942055873,0.9952209189078294,0.9814719907719
1986-08-15,1.0,,1.0,0.00031639925712667605,0.0001527499330718923,0.0025,0.19804409515093438,0.18768103049245202,0.9947483238840984,0.9733301948757596
1987-02-13,0.16,0.89,0.385,0.04010340890584585,0.0010671796729520857,0.0025,0.5203852815506897,0.4037147636970744,0.9928551237952812,0.950290048257497
1987-08-14,0.1575,0.8425,0.34750000000000003,0.04189976049602562,0.0014236959562478227,0.0025,0.4796692213451554,0.360414316410809,0.991887908245997,0.9405393350043401
1988-02-12,0.0575,0.6825,0.1375,0.04269712199698459,0.0023649687940979027,0.0025,0.40756932033539367,0.28718503983219335,0.9930388660226859,0.9135224410379663
1988-08-12,0.055,0.6875,0.13,0.040994853145546274,0.0024357661645620296,0.0025,0.3981453700658662,0.2801852657913446,0.9923682955667728,0.8966032914798566
1989-02-10,0.065,0.6900000000000001,0.14250000000000002,0.04437983337271016,0.0025216243030730607,0.0025,0.4041217123429146,0.2813881573071975,0.9924747140737483,0.8963990404409662
1989-08-11,0.0725,0.6925,0.1575,0.048427246577525805,0.002633326251275242,0.0025,0.41008333940875075,0.2818752675390578,0.9927096264585099,0.8956564351976637
1990-02-09,0.0675,0.6775,0.14250000000000002,0.045239370996821404,0.002852229209554337,0.0025,0.390350255077471,0.2664338632465067,0.991838204228817,0.875742406712097
1990-08-10,0.0575,0.655,0.12,0.03885208596955092,0.002994124133910969,0.0025,0.3650832732310092,0.25024738053389883,0.990935828912712,0.8649312338367441
1991-02-08,0.0675,0.7925,0.1475,0.04308890994073346,0.0024964964248775355,0.0025,0.40150282829942807,0.2805674871560089,0.982644965212521,0.7909224024854952
1991-08-09,0.065,0.7875,0.14250000000000002,0.04191628800821906,0.0025636643563079053,0.0025,0.3943219680838633,0.27504354520401203,0.9836306699681876,0.7842646943503896
1992-02-07,0.08750000000000001,0.99,0.19,0.05313939949699473,0.002029246058866478,0.0025,0.46135765712806254,0.3270567947257214,0.9835358728744938,0.7275024409670597
1992-08-07,0.06,0.765,0.1375,0.04340666393433963,0.002237704302261374,0.0025,0.41744089536843393,0.2960604617105086,0.99048365293765,0.8466545180903574
1993-02-05,0.07,0.8225,0.1775,0.05433000559332708,0.001797632764171994,0.0025,0.48393832183584035,0.34814126572156917,0.9912099232517348,0.8724934969933602
1993-08-06,0.09,0.86,0.2275,0.06557484311524187,0.0017124043110978565,0.0025,0.523665631487705,0.3744758388182921,0.9915762688404823,0.8780218331071055
1994-02-03,0.1,0.85,0.2525,0.07150278311114376,0.0017604692073301866,0.0025,0.5340418113529716,0.37825454617617416,0.9917275298588258,0.8927996659318851
1994-08-05,0.0825,0.74,0.1825,0.057583380136582034,0.0024786965583569573,0.0025,0.44330403682071184,0.30350021063527494,0.9911623303256312,0.8827304039046482
1995-02-03,0.0575,0.685,0.115,0.04211486670380993,0.003382527806631091,0.0025,0.36008782773694487,0.24052719753770552,0.9876803416567419,0.7894340900896003
1995-08-04,0.0625,0.6900000000000001,0.1275,0.04664244280821116,0.00333347346486547,0.0025,0.3743735730007092,0.2485502577085696,0.988245725657945,0.80589300464293
1996-02-02,0.075,0.685,0.1475,0.053217396892894744,0.0034600826099390417,0.0025,0.38636651069484695,0.25196712180709285,0.9889748809308411,0.8231720430287387
1996-08-02,0.0775,0.6875,0.145,0.05075212995936075,0.0037793432726831804,0.0025,0.3692805214039494,0.2380310336842447,0.9838268372558385,0.7777518016932854
1997-01-31,0.08,0.6325000000000001,0.145,0.0524431975526612,0.004146909152250169,0.0025,0.36196393703881025,0.22854574166595448,0.9880012069113302,0.8226912322146207
1997-08-01,0.09,0.7000000000000001,0.1625,0.054713499969401294,0.00394669995646751,0.0025,0.37321912008665975,0.23694363744625924,0.9837614413142295,0.768066344931971
1998-02-02,0.0825,0.73,0.16,0.05197503437072907,0.0035292813760272324,0.0025,0.3808143069511319,0.24799296221615444,0.9800355084185106,0.7611178038375183
1998-08-03,0.09,0.73,0.1675,0.05490560088578178,0.0034959475165693404,0.0025,0.38906993356383096,0.25255542667130143,0.9836217007169615,0.7818244628286074
1999-02-02,0.0975,0.67,0.19,0.059215132702228036,0.0033766171273613118,0.0025,0.4036398646373688,0.26186905037873337,0.9879311309132605,0.8863685247785021
1999-08-03,0.1075,0.715,0.2175,0.06195829439837012,0.0028630228715869005,0.0025,0.4329475649818771,0.2879301339965389,0.9877849227363327,0.8978527095264439
2000-02-01,0.22,0.9500000000000001,0.5325,0.04961496652068065,0.0012150466668322461,0.0025,0.5349957565523362,0.4052250014734009,0.9877775779857527,0.9521621182303545
2000-08-01,0.2225,0.9325,0.5575,0.0503546376832108,0.0012180795557060033,0.0025,0.5371946717182967,0.4064601693815554,0.9889932245824143,0.9653855795134616
2001-01-31,0.2025,0.88,0.48,0.056739379287649216,0.0014900563298871387,0.0025,0.5226822121220291,0.38390672178421503,0.9879820757000379,0.9633804771862462
2001-08-01,0.1925,0.8625,0.465,0.05544805684656809,0.0014542264474511112,0.0025,0.5229118937035421,0.3857246767644299,0.9873879866888942,0.9701895274615726
2002-02-06,0.1975,0.87,0.4875,0.0527825098446566,0.0013778063971070119,0.0025,0.523734322647543,0.3898852091981051,0.987644172238028,0.9747631099557994
2002-08-07,0.195,0.855,0.47000000000000003,0.05444082121931537,0.0014620107413234563,0.0025,0.5188021780711373,0.38286670148416757,0.9877304754300644,0.9765248181377415
2003-02-06,0.1825,0.8300000000000001,0.44,0.05734048973790831,0.0015466678060605918,0.0025,0.5180422805896803,0.3785336167490696,0.9887977778851867,0.9807871408638418
2003-08-07,0.2125,0.8775000000000001,0.5325,0.05106400600158545,0.0013353992781700605,0.0025,0.5234136018137098,0.39176146224235797,0.9895725039063802,0.9852493977944039
2004-02-06,0.225,0.88,0.5475,0.048868698042001946,0.0013635696238235144,0.0025,0.5122259455929854,0.38343484199097844,0.9907309598042463,0.986019235010272
2004-08-09,0.21,0.86,0.505,0.04963231949145647,0.0013896791212482786,0.0025,0.5116352232596961,0.3818417763257621,0.9907803796106697,0.9852404938689363
2005-02-07,0.21,0.855,0.4975,0.049012781416502005,0.0014197888607941477,0.0025,0.5058700300914724,0.376889203827776,0.9914991763001618,0.985275917189521
2005-08-08,0.20500000000000002,0.84,0.47750000000000004,0.04867697371999358,0.0014703813207960184,0.0025,0.49885571688657326,0.3703175016800142,0.9917067150613,0.9844416336767972
2006-02-07,0.195,0.8275,0.4525,0.048330425172132874,0.0014938607702115001,0.0025,0.4950479354135345,0.3669680919411956,0.9921370313046539,0.9835377841205941
2006-08-08,0.165,0.7975,0.3875,0.048237141789730514,0.0015003226409369733,0.0025,0.49401794377448743,0.3660617645537023,0.9933540427789722,0.9814458227598024
2007-02-08,0.185,0.81,0.4225,0.04841325607211633,0.0015492436286064046,0.0025,0.48935640890496773,0.36116685786205127,0.9932759664648572,0.9823373866367318
2007-08-09,0.155,0.765,0.3525,0.04665414956659057,0.0016331235437157853,0.0025,0.47493499193614225,0.3490958874759429,0.9929358551072616,0.9797426182330986
2008-02-08,0.15,0.7375,0.33,0.0427292472765816,0.0017544566900242805,0.0025,0.45033733427900624,0.32990777377437014,0.9922889785801412,0.9794576626482417
2008-08-08,0.1575,0.74,0.34500000000000003,0.0413370418764661,0.0017164907878859438,0.0025,0.4486521244142354,0.33020072997775907,0.9921117841857517,0.982216059097233
2009-02-09,0.04,0.5875,0.1075,0.028584582884305695,0.0022771289284511083,0.0025,0.3610703570782022,0.2625703163876532,0.9935499985352778,0.9677686187960981
2009-08-10,0.045,0.64,0.125,0.03183473758949049,0.001834906928080918,0.0025,0.40219762390421687,0.2982484320049981,0.9934473251819096,0.9712798921454066
2010-02-09,0.0375,0.63,0.1075,0.02709655746106751,0.001761145695512965,0.0025,0.38641149159948035,0.290509519148784,0.9943996299199989,0.9744812182629754
2010-08-10,0.0575,0.665,0.1575,0.03705973707989145,0.0017425676663133556,0.0025,0.43044200937719046,0.3182862326890007,0.9942567718102672,0.973734912180317
2011-02-08,0.0525,0.6425,0.14250000000000002,0.034875207072208265,0.0018867069425051565,0.0025,0.4107849636977391,0.3019849681094099,0.9938122651557316,0.972982555215375
2011-08-09,0.0475,0.6125,0.1275,0.0322477530045914,0.0020922853926865657,0.0025,0.38663687132149843,0.2820155478323707,0.9922134099999704,0.9711378062523915
2012-02-08,0.0675,0.6825,0.185,0.0432812492753979,0.0017318293774779823,0.0025,0.45422948074311353,0.3330245258720211,0.991980913177569,0.975749558443684
2012-08-08,0.055,0.655,0.15,0.03748798759980955,0.001816595960938559,0.0025,0.4261426645108093,0.31334073093707515,0.9932129871273391,0.9752393671297303
2013-02-11,0.08,0.6975,0.20500000000000002,0.050287453906015946,0.0018273303871225873,0.0025,0.46905591069053065,0.3384086512544724,0.9941098041570801,0.9748643565121091
2013-08-12,0.1125,0.7325,0.2725,0.06080520783919072,0.0019058571473107664,0.0025,0.4927506811326897,0.34908902491520155,0.9938952124466534,0.9768628176668257
2014-02-11,0.135,0.7475,0.32,0.0650213486427126,0.0019096599875311378,0.0025,0.5035513107557561,0.3549924819530499,0.9953166141334447,0.9866326423511129
2014-08-12,0.15,0.7725,0.3525,0.06943522300139732,0.0018907813071032758,0.0025,0.5164044001221767,0.3628860134958518,0.996166196593521,0.9860389904161684
2015-02-11,0.1375,0.77,0.3275,0.0736240831590957,0.0019530573891820466,0.0025,0.5209292226385946,0.3628479476300416,0.9958684665481754,0.9788924573218265
2015-08-12,0.12,0.735,0.28250000000000003,0.06983573587826283,0.002073265566190342,0.0025,0.5017468818964546,0.3477863732637828,0.9959079916137157,0.9812842256237329
2016-02-11,0.1075,0.705,0.25,0.06370511870886368,0.0022176053133449117,0.0025,0.4758175405614274,0.3287700406905008,0.9941535946738147,0.9760220358686198
2016-08-11,0.125,0.7275,0.28,0.0682534722813881,0.0022687927880085433,0.0025,0.4831927340460917,0.33098635460905157,0.9926756962443378,0.97011208717874
2017-02-10,0.1275,0.73,0.28500000000000003,0.06905286472752108,0.002279716991479751,0.0025,0.4842957717117613,0.3312006577083358,0.9922826662417527,0.9691020773962319
2017-08-11,0.13,0.7325,0.29,0.07016726496958592,0.002294702680436934,0.0025,0.48582493115577563,0.33149940916531495,0.991960109672489,0.9688374553310257
2018-02-12,0.14,0.73,0.3025,0.07252794169976086,0.002483388952556157,0.0025,0.47844346300832474,0.3215433860521552,0.9899715367061771,0.9651335865879245
2018-08-13,0.155,0.745,0.325,0.07505209168865086,0.002555930587226356,0.0025,0.47930836040586855,0.3197013802805152,0.9878371655840986,0.9590928983137091
2019-02-13,0.1575,0.74,0.33,0.07294812079251642,0.0025688516163534314,0.0025,0.4739895705550273,0.3166356621313427,0.988614043190113,0.9654324714206384
2019-08-14,0.1525,0.7375,0.3225,0.07326005320183812,0.0025620242083034383,0.0025,0.4750854787124722,0.31739549978066206,0.9885864811797841,0.9647560066337858
2020-02-13,0.16,0.755,0.34,0.07798692728478337,0.0025167700641299555,0.0025,0.4879812994311575,0.3252836101331208,0.9901284684197449,0.9628962808489391
2020-08-13,0.1525,0.7375,0.3175,0.08550952808905847,0.0027712364499543852,0.0025,0.4872936270251382,0.31692966361067143,0.9915669790418414,0.9654066894276085
2021-02-12,0.225,0.875,0.48,0.07685811663011355,0.0021683194020447757,0.0025,0.5103474118414523,0.3488314866978459,0.9841912282469119,0.9414862024821732
2021-08-13,0.19,0.7975,0.375,0.07810396704602188,0.002722602212075799,0.0025,0.47559803972561815,0.312778311001763,0.9827789479210809,0.9291001046358345
2022-02-11,0.185,0.8025,0.3825,0.07757034954944375,0.0025274379368547123,0.0025,0.48642457197092953,0.3241620003832804,0.9835484554497402,0.9378108583497874
2022-08-15,0.19,0.81,0.4,0.07652530687732603,0.002318405413876408,0.0025,0.4983666685792447,0.33720081962187726,0.9872923893891283,0.9538890287675075
2023-02-14,0.195,0.8175,0.42,0.07346594724263572,0.0022061378382254417,0.0025,0.4998368093887298,0.3419253956812026,0.987007948845525,0.9608926783462796
2023-08-16,0.215,0.8525,0.4675,0.07081017367040424,0.0020235681684468744,0.0025,0.5081629871808023,0.353132072253205,0.9865593558068981,0.9599666330077037
2024-02-15,0.19,0.81,0.3975,0.07155012268712227,0.0022579442685003222,0.0025,0.4916350198737725,0.3357961924885484,0.9860281463908863,0.9518928613776327
2024-08-16,0.195,0.8075,0.405,0.07257445409814073,0.002311683908836675,0.0025,0.4901122210165306,0.33316184186603526,0.9866245119790387,0.9562195672245961
2025-02-19,0.19,0.795,0.3925,0.0720741907928831,0.002408850740497329,0.0025,0.48231827473986816,0.3259097686934035,0.9867078322425895,0.9538920040011748
2025-08-20,0.1875,0.795,0.3875,0.07421681418718443,0.0024445250241312733,0.0025,0.4846702500746587,0.3259539121953424,0.9847132827974333,0.9496565133522639
2026-02-20,0.18,0.7875,0.3775,0.07325406490012348,0.0023885149196019306,0.0025,0.4863082972130822,0.3286247632292859,0.9866214742511376,0.9545034027650997
2026-08-21,0.18,0.7875,0.37,0.07209153173110636,0.0024742526409783218,0.0025,0.4780689005340881,0.32164157979758856,0.984451142086537,0.9455415516922685
